"iso","umd_tree_cover_extent_2000__ha","area__ha"
"BRA",519187508.44570757319176429,850035649.73938406811065134
